words,generated_texts,fine-tune,prompt,expected level,levels_with_RKI_bert,perplexity,rucola,self_bleu
"['принимать решения', 'пообщаться', 'определиться']","Когда-то давно я работал в компании, где мне приходилось принимать сложные решения каждый день. Однажды я столкнулся с проблемой, которую не мог решить самостоятельно. Я решил пообщаться с коллегами и обсудить ситуацию. Мы провели долгий разговор, и я понял, что мне нужно было определиться с некоторыми вопросами, чтобы принимать правильные решения. Благодаря нашим обсуждениям я нашел правильное решение и смог решить проблему. Я понял, что важно не только принимать решения самостоятельно, но и общаться с другими людьми, чтобы получить разные точки зрения и определиться в сложных ситуациях.",1,1,B2,B1,8.384519259134928,0.6498066385587057,0.46441242043283626
"['принимать решения', 'пообщаться', 'определиться']","Я долго не мог определиться с тем, что делать дальше в своей жизни. Я чувствовал, что мне нужно принимать решения, но не знал, какие именно. Я решил пообщаться с моими друзьями и попросить их помочь мне в этом. Мы провели долгий разговор, и я начал понимать, что нужно сделать. Я понял, что мне нужно принимать решения, а не бояться их принимать. Я благодарен своим друзьям за то, что они помогли мне определиться. Теперь я чувствую себя более уверенно и готов принимать решения в своей жизни.",1,0,B2,B1,8.185699939727783,0.9923807212284632,0.5615467250815469
"['психика', 'генная инженерия', 'анабиоз']","Однажды в лаборатории генной инженерии произошло нечто странное. Психики, работавшие в лаборатории, начали испытывать странные галлюцинации и депрессию. Они не могли понять, что происходит, и обратились за помощью к своим коллегам. Одна из психиков предположила, что проблема может быть связана с анабиозом. Она провела исследование и обнаружила, что генная инженерия может вызвать изменения в анабиозе, что в свою очередь может привести к нарушению психического здоровья. Психики быстро принялись за работу по изучению анабиоза и генной инженерии. Они обнаружили, что некоторые гены могут быть связаны с анабиозом, и что изменения в этих генах могут привести к изменениям в анабио",1,0,B2,B1,8.81355973652431,0.678534482206617,0.4482776680772326
"['психика', 'генная инженерия', 'анабиоз']","В лаборатории по генной инженерии работала молодая и талантливая психика по имени Лена. Она занималась разработкой новых методов анабиоза, которые позволяли сохранять жизнь организмов в экстремальных условиях. Однажды Лена получила задание разработать метод анабиоза для бактерии, которая была найдена в глубинах океана. Эта бактерия была необычайно устойчивой к высоким давлениям и температурам, что делало ее очень ценной для научных исследований. Лена провела множество экспериментов и наконец-то смогла разработать метод анабиоза, который позволял сохранять жизнь бактерий в экстремальных условиях. Она была очень довольна своим достижением и решила поделиться результатами с коллегами.",1,1,B2,B1,9.311897118886312,0.9758801162242888,0.3626264263630085
"['пренебрежение', 'разрушение', 'проявление']","Однажды в маленькой деревне жил молодой парень по имени Максим. Он был очень умным и талантливым, но у него было одно главное недостаток - пренебрежение к другим людям. Он думал, что он выше всех и не нуждается в помощи других. Однажды в деревне начался сильный ливень, и многие дома были разрушены. Но Максим не обращал на это никакого внимания. Он продолжал сидеть в своем доме и читать книги. Но однажды он увидел, как его соседка попала в беду. Ее дом был разрушен, а она осталась без крыши над головой. Максим понял, что ему нужно сделать что-то, чтобы помочь ей. Он пошел к ней и предложил помощь. Он помог ей восстановить дом и даже пожертвовал часть своего имущества,",1,0,B2,B1,10.051560358567672,0.8111139969392256,0.6599762837342024
"['пренебрежение', 'разрушение', 'проявление']","Пренебрежение к окружающей среде привело к разрушению старинного замка, который стоял на вершине холма уже несколько столетий. Но однажды, когда произошло сильное землетрясение, замок рухнул, и теперь на его месте стояла огромная куча камней и грязи. Некоторые местные жители считали, что это проявление судьбы, что замок должен был падать, чтобы дать место новым зданиям. Но большинство жителей были глубоко огорчены разрушением этого исторического здания. Они начали собираться вместе, чтобы понять, что именно привело к разрушению замка и как можно избежать подобных катастроф в будущем.",1,1,B2,C1,7.826084136962891,0.9815351843833924,0.35338725976660723
"['посвящать', 'возлагать надежды', 'произвести фурор']","Когда-то давно, в небольшом городке, жил молодой художник по имени Андрей. Он мечтал о том, чтобы стать известным и признанным мастером своего дела. Однажды, Андрей решил провести выставку своих работ в местном музее. Он посвятил все свое время и силы этому проекту и возлагал на нее все свои надежды. Наконец, день открытия пришел. Андрей был очень взволнован, ведь он знал, что это может быть его шанс проявить свой талант и произвести фурор в мире искусства. Когда зрители увидели его работы, они были поражены. Они не могли поверить, что такие красивые и талантливые картины могут быть созданы местным художником. Андрей был очень счастлив и гордился собой. Он понял, что все его усилия и",1,0,C1,B1,10.047493648529052,0.7826879739761352,0.6699953628881308
"['посвящать', 'возлагать надежды', 'произвести фурор']","Когда-то давно, в небольшом городке, жил молодой человек по имени Джек. Он был очень талантлив и всегда мечтал о том, чтобы стать известным художником. Каждый день он рисовал и творил что-то новое, но никто не замечал его талант. Однажды Джек решил, что пора изменить свою жизнь. Он решил посвятить все свое время и силы тому, чтобы создать что-то уникальное. Он работал очень усердно и в конце концов, его творение привлекло внимание многих людей. Джек был так счастлив, что его творение произвело фурор в городе. Все люди радостно говорили о нем и восхищались его талантом. Джек был настолько счастлив, что он решил посвятить",1,1,C1,B1,9.612793074713814,0.7867208586798774,0.5734783667714417
"['вновь', 'поскольку', 'именно']","Вновь я почувствовал, что именно то, что мне нужно для того, чтобы чувствовать себя счастливым. Поскольку я недавно пережил тяжелый период в своей жизни, я осознал, что именно это помогло мне стать сильнее и более уверенным в себе. Теперь я понимаю, что настоящее счастье заключается не в материальных вещах, а в том, чтобы быть счастливым и удовлетворенным своей жизнью. И именно это позволяет мне наслаждаться каждым моментом и находить радость в мелочах.",1,0,C1,C2,8.124256491661072,0.4168854057788849,0.3618938170588529
"['вновь', 'поскольку', 'именно']","Вновь я почувствовал, что моя жизнь была пустой и бессмысленной. Поскольку я не знал, что делать с ней, я решил отправиться в путешествие. Именно это помогло мне найти себя и понять, что я хочу от жизни. Я узнал много нового о себе и о мире вокруг меня. Теперь я знаю, что нужно делать, чтобы жить полной и насыщенной жизнью.",1,1,C1,B1,9.4226469039917,0.9940581321716307,0.5918640679496436
"['оппозиция', 'трактовать', 'нивелировать']","В маленьком городке жила девушка по имени Анна. Она была очень любознательной и всегда старалась понять мир вокруг себя. Однажды Анна узнала о том, что местные жители не смогли найти компромисс в своей оппозиции. Она решила помочь им и попросила у них объяснить, почему они не могут найти общий язык. Анна услышала разные точки зрения и начала трактовать их. Она понимала, что каждый из них имеет свои преимущества и недостатки. Анна попыталась нивелировать разницу между ними и попросила каждого из них поделиться своим мнением. Благодаря ее усилиям, жители города нашли компромисс и смогли разрешить свою оппозицию. Анна была счастлива, что смогла помочь им и научиться лучше понимать",1,0,C1,B1,9.427789688110352,0.9507964120970832,0.5324318461218307
"['оппозиция', 'трактовать', 'нивелировать']","В партии была сильная оппозиция к действиям правительства. Оппозиционеры не соглашались с тем, как правительство трактовало проблемы страны. Они утверждали, что правительство нивелирует важность некоторых проблем, не придавая им должного внимания. В результате, оппозиция начала активно протестовать и проводить массовые демонстрации. Однако правительство не соглашалось с критикой оппозиции и продолжало свою политику. Это привело к еще большей напряженности в обществе и усилению противостояния между правительством и оппозицией.",1,1,C1,C1,7.946147282918294,0.9864269395669302,0.4605729237326188
"['выпускной', 'сказка', 'парусник']","В выпускном классе учительница рассказала нам сказку о маленьком паруснике, который попал в сильный шторм и не мог вернуться домой. Он плыл далеко и далеко, пока не увидел маленький остров, на котором жили добрые рыбаки. Они помогли ему добраться до дома, а парусник пообещал вернуться к ним в следующем году, чтобы отблагодарить их. И так каждый год парусник приезжал к рыбакам на остров, чтобы пообщаться и поучаствовать в их праздниках. Таким образом, он нашел новых друзей и счастливый конец своей сказки.",1,0,B1,B1,9.169643592834472,0.9656380414962769,0.4090957514407581
"['выпускной', 'сказка', 'парусник']","В выпускной школе все готовились к свадьбе главного героя. Но вместо свадьбы произошло нечто странное: главный герой оказался в сказке. Он попал в мир, где все было сказочным. В этом мире он встретил маленького парусника, который рассказал ему о том, как он может вернуться в реальный мир. Но чтобы вернуться, ему нужно было выполнить три задания. Он успешно выполнил первое задание, но второе было сложнее. Он попал в лабиринт, где ему пришлось пройти через несколько испытаний. Наконец, он справился со вторым заданием и отправился на третье. Третье задание было самым сложным из всех. Он должен был победить злого колдуна, который забрал у него ключ. Он сумел победить колдуна и вернуться.",1,1,B1,B1,10.271468249234289,0.970729107206518,0.6747217996588087
"['целый вечер', 'проспать', 'проговорить']","Целый вечер я проспала на диване, не смотря на то, что хотела проговорить с кем-то. Я чувствовала себя одинокой и немного грустной. Вдруг я услышала звук открывающейся двери и внутри появилась моя подруга. Мы обнялись и начали говорить о нашей жизни. Я рассказала ей о своих проблемах и она поддержала меня. Мы провели вместе целый вечер, и я поняла, что хорошо провести время с близкими людьми – это самое лучшее лекарство от одиночества.",1,0,B1,B1,9.8369460105896,0.9249077339967092,0.6049979605389258
"['целый вечер', 'проспать', 'проговорить']","Целый вечер я проспал, несмотря на то, что в комнате было темно и тихо. Я закрыл глаза и попытался заснуть, но мозг продолжал работать. Я начал проговорить все свои мысли и соображения. В конце концов, я понял, что мне нужно было выйти из своей комфортной зоны и попытаться что-то новое. Я решил, что завтра буду делать то, что никогда не делал раньше. Я заснул с улыбкой на лице, зная, что завтра будет интересно.",1,1,B1,B1,9.119721333185831,0.3573126395543416,0.5805697773522253
"['доход', 'накопления', 'траты']","У Петра был доход, который он получал от своей работы в офисе. Он хотел накопить деньги, чтобы купить новую машину. Однако, он тратил много денег на развлечения, такие как походы в рестораны и покупки новой одежды. Каждый раз, когда он накоплял деньги, он тратил их на что-то новое. Его накопления оставались на нулевом уровне. В конце концов, он понял, что ему нужно пересмотреть свои траты и начать экономить. Он перестал ходить в рестораны и покупать новую одежду, и начал экономить деньги. Его накопления начали расти, и он купил новую машину. Теперь он знал, что нужно экономить деньги, чтобы достичь своих целей.",1,0,B1,B1,8.85772180557251,0.9717355635431076,0.599489544805799
"['доход', 'накопления', 'траты']","У меня всегда был хороший доход, но я не мог контролировать свои траты. Я постоянно тратил деньги на ненужные вещи, не замечая, как мои накопления уменьшаются. Я понимал, что мне нужно что-то делать, чтобы изменить свою ситуацию. Я начал следить за своими тратами и перестал покупать ненужные вещи. Я также начал вкладывать деньги в банк, чтобы получать доход на свои накопления. Сейчас я чувствую себя более уверенно в своих финансовых делах и накопления растут быстрее, чем раньше.",1,1,B1,B1,8.737637519836426,0.8985398709774017,0.4978375993722804
"['принимать решения', 'пообщаться', 'определиться']","Однажды утром я проснулся и понял, что мне нужно принять важное решение. Я должен был выбрать между двумя вариантами, которые казались мне одинаково привлекательными. Я решил пообщаться с моими друзьями, чтобы получить их мнение. Мы провели долгий разговор, и я смог определиться с выбором. Я понял, что принимать решения - это не легко, но общение с близкими людьми может помочь мне сделать правильный выбор.",0,0,B2,B1,8.508053207397461,0.9816375970840454,0.5127038342996475
"['принимать решения', 'пообщаться', 'определиться']","Однажды утром, я проснулся и понял, что мне нужно принять важное решение. Я должен был выбрать между двумя вариантами, которые казались мне одинаково привлекательными. Я решил пообщаться с моими друзьями, чтобы получить их мнение. Мы провели долгий разговор, и я смог определиться. Я понял, что важно не только выбрать правильный вариант, но и быть уверенным в своем выборе. Я благодарен своим друзьям за их помощь и советы, и теперь я знаю, что мне нужно делать дальше.",0,1,B2,B1,8.535072565078735,0.966434399286906,0.5305998231803598
"['психика', 'генная инженерия', 'анабиоз']","Однажды ученые использовали генную инженерию для создания нового вида бактерий, которые могли бы выживать в анабиозе - состоянии, когда жизнь организма невозможна при нормальных условиях. Бактерии были созданы с помощью психики, что позволило им выживать в условиях, когда обычные бактерии быстро умирали. Эти бактерии были использованы для лечения различных инфекций и болезней, и стали важным прорывом в медицине.",0,0,B2,B1,8.22596025466919,0.3275768160820007,0.3131569207453425
"['психика', 'генная инженерия', 'анабиоз']","Когда-то давно, ученый по имени Джошуа начал эксперименты с генной инженерией. Он хотел создать новый вид животных, который был бы способен выживать в самых экстремальных условиях. Для этого он использовал психику и анабиоз, чтобы изучить, как животные реагируют на различные стрессовые ситуации. В итоге, он создал группу уникальных существ, которые были способны выживать в самых неблагоприятных условиях. Однако, по мере того, как время шло, Джошуа начал замечать, что его эксперименты имели непредвиденные последствия. Некоторые из его созданий стали слишком агрессивными и начали атаковать людей. Джошуа понял, что он совершил огромную ошибку, и ре",0,1,B2,B1,9.188201904296877,0.4499693512916565,0.45470592793224
"['пренебрежение', 'разрушение', 'проявление']","Однажды молодой человек решил проверить, насколько сильно он может проявить пренебрежение к окружающим. Он начал разрушать все, что находил на своем пути, не обращая внимания на чувства и потребности других людей. Но вскоре его проявление привело к тому, что он потерял всех своих друзей и близких. Он понял, что пренебрежение может привести к разрушению отношений и жизни в целом. Тогда он решил изменить свое поведение и начал проявлять заботу и уважение к окружающим. Он понял, что только такое проявление может привести к настоящему счастью и гармонии в жизни.",0,0,B2,B1,7.582147757212321,0.9815267225106558,0.43027383485789406
"['пренебрежение', 'разрушение', 'проявление']","Однажды в маленьком городке произошло разрушение старинного здания, которое стояло там уже много лет. Все жители города были в шоке, потому что это было символом их города. Но вскоре проявилось пренебрежение к этому событию со стороны некоторых жителей. Они продолжали жить своей жизнью, не обращая внимания на то, что произошло. Однако, другие жители решили не оставаться равнодушными и начали организовывать сбор средств на восстановление здания. Их проявление заставило всех жителей города присоединиться к этой инициативе, и в итоге здание было восстановлено. Теперь оно стало символом не только прошлого, но и будущего города.",0,1,B2,B1,8.4504075050354,0.9420379144804818,0.45218663840600765
"['посвящать', 'возлагать надежды', 'произвести фурор']","Однажды молодой художник решил посвятить свою жизнь созданию великолепного произведения искусства. Он возлагал надежды на то, что его творение принесет фурор в мире искусства. В течение многих лет он трудился над своим проектом, и в конце концов, его работа была готова. Когда его произведение было представлено публике, оно вызвало огромный интерес и положительные отзывы. Многие люди были поражены его талантом и оригинальностью. Художник был счастлив, зная, что его работа произвела фурор в мире искусства.",0,0,C1,B1,8.675030628840128,0.9820729990800222,0.4780051091045336
"['посвящать', 'возлагать надежды', 'произвести фурор']","Когда-то давно, молодой музыкант по имени Макс решил посвятить свою жизнь созданию музыки. Он мечтал о том, чтобы его музыка произвела фурор и возлагал на нее огромные надежды. Каждый день он работал над своей музыкой, пытаясь создать что-то уникальное и запоминающееся. Со временем, Макс стал все более и более талантливым музыкантом, и его музыка начала привлекать внимание все большего числа людей. Его песни стали популярными, и он начал получать много предложений от лейблов и продюсеров. Но Макс не был удовлетворен этим успехом. Он хотел, чтобы его музыка не только была популярной, но и имела глубокий смысл и вдохновляла людей. Он продолжал работать",0,1,C1,B1,9.68203091621399,0.7783498167991638,0.6265141583978883
"['вновь', 'поскольку', 'именно']","Вновь я решил пойти на прогулку в парке, поскольку я люблю проводить время на свежем воздухе. Когда я пришел туда, я заметил, что все деревья покрыты сосновыми иглушками, именно таким образом, как я любил их в детстве. Я почувствовал, что снова вернулся в свое детство, и решил провести там еще несколько часов, наслаждаясь красотой природы.",0,0,C1,B1,8.881834665934244,0.8405336141586304,0.35944130060152635
"['вновь', 'поскольку', 'именно']","Вновь я столкнулся с проблемой, которую не смог решить ранее. Поскольку я был очень уверен в своих знаниях и опыте, я решил попробовать разобраться в этой проблеме самостоятельно. Но это было трудно, и я понял, что мне нужна помощь других специалистов. Именно это помогло мне решить проблему и добиться успеха в моей работе.",0,1,C1,B1,9.406471014022827,0.9891901165246964,0.5176724767435403
"['оппозиция', 'трактовать', 'нивелировать']","В тот день, когда я впервые увидел оппозицию между двумя партиями, я был поражен тем, как они трактовали одну и ту же ситуацию. Одна партия говорила о том, что это прекрасная возможность для развития экономики, в то время как другая партия говорила о том, что это будет опасным шагом. Я не мог понять, почему они могут трактовать одну и ту же ситуацию по-разному. Но потом я осознал, что каждая партия имеет свои собственные интересы, и они могут нивелировать друг друга, чтобы достичь своих целей.",0,0,C1,C1,8.347982168197632,0.9271660149097444,0.3467721225819147
"['оппозиция', 'трактовать', 'нивелировать']","В современном обществе часто возникает необходимость трактовать различные точки зрения и мнения. Оппозиция между разными группами и индивидуумами часто приводит к конфликтам и недопониманию. Однако, важно понимать, что каждый имеет право на свое мнение и точку зрения. Мы не должны нивелировать мнения других людей, даже если они противоречат нашим собственным. Вместо этого, мы должны уважать их и пытаться понять, почему они думают так, как они думают. Только тогда мы сможем достичь гармонии и понимания в нашем обществе.",0,1,C1,C2,7.934648990631103,0.991592933734258,0.45532126351495433
"['выпускной', 'сказка', 'парусник']","В выпускном классе учительница рассказала сказку о паруснике, который отправился в опасное путешествие на поиски приключений. Он пересекал океан, встречал разных животных и сражался с морскими чудовищами. В конце концов, он вернулся домой с богатством и счастьем, благодаря своей отваге и находчивости.",0,0,B1,B1,9.3876953125,0.9637059370676676,0.40108720470187703
"['выпускной', 'сказка', 'парусник']","В выпускной школы я рассказала сказку о паруснике, который отправился в далекое путешествие на своей паруснике. Он встретил множество приключений на своем пути, но в конце концов добрался до своей цели - острова, на котором жила его любимая принцесса. Там он встретил ее и они жили счастливо вместе на острове, наслаждаясь жизнью вдали от городской суеты.",0,1,B1,B1,9.227096716562906,0.3231303890546163,0.3316681580313048
"['целый вечер', 'проспать', 'проговорить']","Я провел целый вечер, сидя на диване и проспать. Я был уставшим после долгого дня на работе и хотел просто отдохнуть. Я закрыл глаза и заснул, проговорив себе в голову, что завтра будет новый день и я смогу начать все сначала.",0,0,B1,B1,8.561172803243002,-0.2589979370435079,0.5760061982729727
"['целый вечер', 'проспать', 'проговорить']","Когда я уставшийся после долгого дня на работе, я решил проспать целый вечер. Я лег на кровать и закрыл глаза, надеясь, что мне понадобится всего несколько минут, чтобы заснуть. Однако, я не мог заснуть. Моя голова была полна мыслей и эмоций, которые не давали мне покоя. Я решил проговорить все свои мысли и эмоции, надеясь, что это поможет мне расслабиться и заснуть. Я начал говорить вслух, выражая все свои чувства и мысли, и, к моему удивлению, это действительно помогло мне расслабиться и заснуть.",0,1,B1,B1,10.17615524927775,0.6475272675355276,0.6128424756367803
"['доход', 'накопления', 'траты']","Однажды утром я проснулся и понял, что моя накопление сократилось до минимума. Я начал думать о том, как я могу увеличить свой доход, чтобы снова накопить деньги. Я решил, что мне нужно сократить траты и начать экономить. Я начал экономить на еде, перестал покупать дорогие вещи и начал искать более дешевые альтернативы. Я также начал искать дополнительную работу, чтобы увеличить свой доход. С каждым днем я замечал, что моя накопление начинает расти снова. Я понял, что если я буду экономить и работать дополнительно, то я смогу достичь своих финансовых целей.",0,0,B1,B1,8.731277602059501,0.3752456988607134,0.5037001129218008
"['доход', 'накопления', 'траты']","Когда-то у меня было много денег, но я не знал, что делать с ними. Я начал накоплять их, но потом понял, что мне не хватает. Я тратил много денег на развлечения и покупки, которые мне не были необходимы. Я понял, что мне нужно было изменить свой образ жизни, чтобы сохранить свои накопления. Я начал экономить деньги и планировать свои траты. Я перестал покупать вещи, которые мне не нужны, и начал тратить деньги только на необходимые вещи. Я также начал инвестировать свои накопления, чтобы они росли быстрее. Сейчас я чувствую себя более уверенно в своих финансовых делах и знаю, что мои накопления будут надежно защищены.",0,1,B1,B1,8.597590267658234,0.987206719815731,0.5246936618142124
